id,review_text
1,"Absolutely love this product! It exceeded all my expectations and the quality is outstanding."
2,"Terrible experience. The item broke after two days and customer support was useless."
3,"It's okay, nothing special. Does what it's supposed to do but nothing more."
4,"Best purchase I've made this year! Fast shipping and the product works perfectly."
5,"Very disappointed. The color was completely different from the photos on the website."
6,"Decent product for the price. Not amazing but gets the job done."
7,"Fantastic! My whole family loves it. Will definitely buy again."
8,"Waste of money. Stopped working after a week and the return process was a nightmare."
9,"Pretty good overall. A few minor issues but nothing major. Satisfied with my purchase."
10,"Incredible quality and super fast delivery. Exactly as described. Highly recommend!"
11,"Not worth it. Cheap materials and the instructions were impossible to understand."
12,"Average product. It works but I expected better for this price range."
13,"Exceeded my expectations in every way. The build quality is excellent."
14,"Horrible. Arrived damaged and the seller refused to help. Never buying again."
15,"It's fine. Nothing to complain about but nothing to rave about either."
16,"Amazing product! Changed my daily routine completely. Best thing I've bought in years."
17,"Very poor quality. Fell apart within a week of normal use."
18,"Works as expected. Simple and functional, no issues so far."
19,"Outstanding performance! Worth every penny. My friends are jealous."
20,"Complete disappointment. The product looks nothing like the pictures."
